Name, Order, Nonzeros, Unique Values, Sparsity, MC(2), MC(5), MC(8), MC(10) 
t2d_q9_A_01 9803 87025 1383 0.09056 0.15825 0.52272 0.91217 0.99587 1.00000
