Name, Order, Nonzeros, Unique Values, Sparsity, MC(2), MC(5), MC(8), MC(10) 
epb1 14736 95053 73230 0.04377 0.00017 0.00135 0.01077 0.04309 0.31577
