Name, Order, Nonzeros, Unique Values, Sparsity, MC(2), MC(5), MC(8), MC(10) 
raefsky1 3244 294276 271382 2.79636 0.01598 0.02852 0.03467 0.03989 0.08861
