Name, Order, Nonzeros, Unique Values, Sparsity, MC(2), MC(5), MC(8), MC(10) 
psmigr_2 3142 540022 531668 5.47015 0.00003 0.00019 0.00126 0.00411 0.03064
